YearsExperience,Salary
1.0,37038
1.1,44010
1.4,43037
1.6,47579
2.1,48435
2.3,50473
2.3,44874
2.3,46073
2.7,51120
2.9,49531
2.9,54483
3.4,50811
4.3,58220
4.5,63590
5.0,66497
5.1,61829
5.6,69785
6.1,69088
7.0,70202
7.1,77239
7.7,76446
7.9,75421
8.2,79284
8.2,80121
8.5,80701
8.6,80394
9.2,85009
9.3,88400
9.3,87582
9.4,83390
9.7,87256
9.7,90700
9.7,88757
9.8,88500
9.8,86356
9.9,87447
10.4,94964
10.4,90956
10.5,91562
10.8,97819
10.8,93168
10.9,95156
10.9,95791
11.6,99391
11.7,101937
11.8,98831
12.0,97210
12.1,102985
12.2,102513
12.8,103405
13.2,109842
13.4,111511
13.7,106793
13.8,110830
14.1,115709
14.2,109700
14.3,110792
14.3,112626
14.5,114211
14.9,115235
