StudyHours,Attendance,PreviousMarks,PythonSkill,SQLSkill,MLSkill,CommunicationSkill,ProblemSolvingSkill,Career
3.1,78,72,6,7,4,5,8,Data Analyst
3.1,76,72,9,10,4,6,8,Data Analyst
5.8,73,85,6,5,5,6,8,Software Developer
4.9,89,70,6,4,5,4,8,Software Developer
7.4,97,71,10,7,7,7,6,ML Engineer
8.3,91,81,8,3,7,5,8,ML Engineer
6.4,73,77,7,9,6,6,7,Data Analyst
5.8,80,92,7,7,8,8,7,ML Engineer
5.8,73,80,10,5,4,4,7,Software Developer
6.2,82,73,5,7,8,7,6,Data Analyst
4.6,89,75,7,4,3,6,6,Web Developer
8.0,85,88,10,5,8,5,10,ML Engineer
3.4,61,82,4,4,2,8,9,Web Developer
4.5,89,79,9,8,8,5,5,Data Analyst
8.1,82,73,9,6,8,7,6,ML Engineer
8.9,96,75,7,5,8,5,8,ML Engineer
6.2,89,76,6,8,4,7,6,Software Developer
6.7,95,74,6,6,5,5,5,Data Analyst
6.3,84,72,5,4,4,9,6,Web Developer
7.1,91,83,8,7,8,6,9,ML Engineer
6.8,88,84,7,4,8,4,8,ML Engineer
5.4,77,83,6,6,4,5,6,Data Analyst
6.6,80,67,9,7,6,8,6,Data Analyst
6.9,83,78,9,5,5,7,7,Software Developer
3.4,83,76,8,9,7,5,5,Data Analyst
4.6,80,68,6,7,5,8,6,Data Analyst
3.7,74,62,4,6,5,5,5,Web Developer
6.9,94,72,6,9,7,8,6,Data Analyst
6.6,65,67,4,6,3,8,7,Web Developer
5.8,83,80,8,6,2,6,7,Web Developer
7.9,83,83,10,4,4,4,6,Software Developer
5.0,87,71,5,3,5,5,6,Web Developer
5.4,91,72,8,6,8,6,5,Data Analyst
4.7,88,83,9,8,6,6,7,Data Analyst
5.1,69,81,8,7,4,4,6,Software Developer
5.5,78,58,4,7,2,9,7,Web Developer
7.7,67,67,8,6,3,7,10,Software Developer
7.4,97,90,7,7,9,4,7,ML Engineer
5.5,75,93,8,5,9,8,7,ML Engineer
5.8,92,78,10,5,7,4,9,ML Engineer
5.2,82,94,8,5,8,7,10,ML Engineer
5.2,63,57,5,7,1,7,9,Web Developer
5.7,66,69,8,4,4,5,7,Software Developer
4.4,87,78,9,7,5,6,6,Data Analyst
3.1,83,65,7,4,3,6,5,Web Developer
6.5,87,70,5,4,4,7,7,Web Developer
4.9,86,66,9,6,4,4,8,Software Developer
7.6,84,91,9,3,7,6,7,ML Engineer
5.2,91,83,9,5,10,8,10,ML Engineer
4.5,88,71,7,6,7,5,6,Data Analyst
6.7,93,80,9,3,9,8,8,ML Engineer
4.3,82,64,8,4,2,8,8,Web Developer
6.5,74,72,10,4,4,6,7,Software Developer
6.1,79,75,6,6,4,8,6,Web Developer
6.2,90,80,5,3,3,9,9,Web Developer
5.4,96,77,9,4,8,5,6,ML Engineer
4.0,85,84,5,9,7,6,8,Data Analyst
4.6,64,75,4,3,4,6,6,Web Developer
3.2,67,82,4,6,2,8,9,Web Developer
8.8,86,89,10,7,10,5,9,ML Engineer
4.0,67,81,6,7,4,6,7,Web Developer
3.3,69,62,6,5,3,9,5,Web Developer
4.6,77,82,7,5,2,7,9,Software Developer
7.2,85,71,8,6,10,8,6,ML Engineer
4.9,90,66,6,6,4,9,9,Web Developer
6.0,73,73,9,4,5,6,9,Software Developer
7.4,69,79,10,4,5,8,10,Software Developer
3.3,83,69,8,7,4,7,8,Data Analyst
5.8,82,80,10,5,10,6,6,ML Engineer
3.1,77,56,6,4,1,5,5,Web Developer
4.8,65,79,7,5,3,7,6,Software Developer
5.9,73,84,8,5,6,8,6,Software Developer
7.9,68,78,6,6,6,7,9,Software Developer
4.3,87,80,7,4,4,8,6,Software Developer
4.4,83,86,7,6,8,7,5,Data Analyst
6.3,63,68,6,6,2,8,6,Web Developer
7.5,89,94,10,6,10,8,8,ML Engineer
8.4,98,72,9,6,8,7,10,ML Engineer
4.3,75,82,6,4,4,6,7,Web Developer
6.4,91,92,9,7,7,8,7,ML Engineer
4.0,83,80,9,7,7,8,8,Data Analyst
3.4,77,77,6,8,8,7,8,Data Analyst
6.7,95,87,9,5,10,6,8,ML Engineer
5.9,95,76,9,3,8,5,7,ML Engineer
4.1,78,79,8,7,3,5,6,Web Developer
5.9,77,79,7,7,8,6,6,ML Engineer
5.2,92,69,8,6,4,7,8,Data Analyst
4.8,65,56,6,6,1,5,8,Web Developer
3.3,80,76,4,4,2,9,7,Web Developer
7.0,73,82,8,10,8,6,8,Data Analyst
6.6,69,82,8,6,3,9,9,Web Developer
5.4,93,68,6,7,6,5,6,Data Analyst
4.7,67,65,6,7,5,8,9,Software Developer
5.1,81,92,9,6,7,5,8,ML Engineer
5.7,82,67,7,6,3,4,6,Software Developer
7.2,84,83,10,6,5,4,9,Software Developer
7.8,80,86,10,6,7,8,6,ML Engineer
5.9,79,63,4,3,2,9,9,Web Developer
7.0,91,73,9,6,5,8,8,Data Analyst
5.7,90,83,10,3,10,6,9,ML Engineer
6.3,75,75,9,6,10,6,9,ML Engineer
4.8,80,73,7,6,7,5,8,Data Analyst
3.2,76,66,8,6,4,5,6,Web Developer
7.2,81,84,10,3,7,8,7,ML Engineer
5.2,65,77,9,4,3,4,9,Software Developer
5.6,74,80,7,10,6,8,8,Data Analyst
4.0,77,59,7,4,5,9,6,Web Developer
4.1,95,78,7,10,6,5,7,Data Analyst
8.3,90,91,10,4,10,8,9,ML Engineer
6.3,96,87,10,6,9,5,7,ML Engineer
3.9,84,68,4,5,4,8,8,Web Developer
6.0,66,64,10,8,4,4,9,Software Developer
5.1,84,65,6,9,5,5,8,Data Analyst
6.4,94,82,7,5,10,6,9,ML Engineer
5.5,77,85,7,7,4,8,5,Data Analyst
4.8,92,74,5,6,6,5,7,Data Analyst
6.5,76,77,10,7,8,5,7,ML Engineer
5.4,82,84,6,9,8,6,6,Data Analyst
5.6,74,63,4,6,3,9,6,Web Developer
4.8,81,83,7,9,6,8,7,Data Analyst
8.0,92,75,6,5,5,8,8,Software Developer
9.0,81,70,10,5,7,8,6,ML Engineer
6.3,88,64,5,7,3,6,6,Web Developer
7.7,95,94,8,3,7,6,9,ML Engineer
5.3,93,69,5,8,6,8,6,Data Analyst
4.5,82,71,10,8,4,5,8,Software Developer
6.9,69,78,6,3,4,5,6,Web Developer
7.4,88,81,9,8,4,4,9,Software Developer
4.1,73,79,7,8,8,8,7,Data Analyst
5.7,85,65,9,10,6,6,5,Data Analyst
6.6,69,75,7,3,2,5,5,Web Developer
9.0,75,73,8,7,8,7,9,ML Engineer
7.7,95,92,10,7,8,7,6,ML Engineer
5.5,90,63,4,5,2,8,8,Web Developer
7.4,68,81,8,8,4,4,9,Software Developer
5.8,75,84,7,4,7,4,8,ML Engineer
8.0,90,78,7,4,6,5,10,Software Developer
7.3,72,70,7,8,2,6,7,Software Developer
6.2,90,65,6,4,3,4,8,Software Developer
6.4,65,65,8,4,3,7,10,Software Developer
6.0,85,79,7,10,8,5,8,Data Analyst
7.8,66,83,10,6,5,4,6,Software Developer
6.4,73,76,4,6,4,5,5,Web Developer
7.4,74,74,9,7,9,7,10,ML Engineer
6.8,91,83,7,3,8,7,9,ML Engineer
5.7,91,74,9,7,2,6,9,Software Developer
7.7,83,74,10,3,7,4,6,ML Engineer
3.4,83,66,5,7,1,9,9,Web Developer
7.7,85,81,10,3,9,8,8,ML Engineer
5.4,88,76,8,6,8,4,8,ML Engineer
5.5,80,88,8,6,7,8,8,ML Engineer
3.7,92,74,7,8,4,6,6,Data Analyst
3.3,83,75,4,3,5,6,8,Web Developer
4.8,65,66,6,5,5,9,5,Web Developer
3.6,94,84,5,6,6,8,8,Data Analyst
5.4,73,63,5,7,1,7,8,Web Developer
4.1,91,83,8,10,6,5,6,Data Analyst
6.9,61,55,5,5,2,6,7,Web Developer
6.3,72,85,10,4,8,7,10,ML Engineer
6.0,91,81,8,4,5,4,9,Software Developer
4.8,72,75,9,9,8,8,8,Data Analyst
5.5,72,80,8,7,10,6,6,ML Engineer
6.4,67,68,8,6,5,5,8,Web Developer
8.0,79,80,8,3,7,8,10,ML Engineer
7.6,76,71,7,5,2,5,8,Software Developer
4.7,69,84,6,5,5,7,10,Software Developer
5.7,88,73,8,5,3,6,8,Web Developer
4.9,90,74,7,10,4,7,5,Data Analyst
6.8,73,71,9,5,7,4,10,ML Engineer
4.9,77,80,4,6,5,6,7,Web Developer
5.0,90,56,7,3,3,5,9,Web Developer
4.2,87,74,9,8,6,8,7,Software Developer
6.5,81,82,10,5,7,6,6,ML Engineer
5.4,93,82,9,5,8,6,6,ML Engineer
7.7,74,80,9,5,6,4,8,Software Developer
5.6,70,81,5,7,1,8,9,Web Developer
5.1,81,75,8,5,10,5,7,ML Engineer
4.6,74,85,6,8,6,8,6,Software Developer
8.5,91,74,10,4,8,5,10,ML Engineer
6.9,66,73,8,5,5,8,8,Software Developer
3.9,67,64,7,4,3,9,8,Web Developer
6.1,84,67,8,7,4,6,6,Web Developer
7.5,66,80,9,6,6,4,10,Software Developer
4.1,94,70,7,9,8,6,8,Data Analyst
6.8,77,79,7,6,7,5,8,Data Analyst
5.9,74,81,8,3,9,4,8,ML Engineer
4.6,74,75,7,7,5,8,6,Software Developer
3.1,76,69,9,10,8,8,5,Data Analyst
6.0,75,71,8,6,10,4,6,ML Engineer
5.4,60,75,8,7,2,6,7,Web Developer
3.0,71,62,8,6,2,5,9,Web Developer
5.3,88,87,7,6,10,4,9,ML Engineer
6.0,72,81,7,5,8,4,10,ML Engineer
5.5,83,87,9,4,10,7,7,ML Engineer
4.3,89,74,6,6,3,4,7,Software Developer
4.3,79,81,8,10,7,7,5,Data Analyst
5.1,92,84,6,6,4,4,8,Software Developer
6.6,83,69,7,5,2,8,8,Web Developer
8.7,88,78,7,6,7,7,10,ML Engineer
6.2,75,63,6,6,4,6,9,Software Developer
